2012-8-8	Ramos Mejia	Buenos Aires	Mozo de salon		a convenir	inmediato	segun convenio	Tiempo Completo	enviar cv	Tomodachi Twin sa	Eduardo			Ramos Mej�a, Buenos Aires, Argentina	-34.6549073	-58.5536355	2012-10-29	http://www.computrabajo.com.ar/bt-ofrd-gerenciasibo-7148.htm	2012-11-06
2012-8-8	Capital Federal	Capital Federal	Data Entry y Secretaria Adm.		$ 4000,00 netos	Inmediato	Puesto efectivo	Tiempo Completo	Enviar CV con foto a la Ref. D.ENTRY + SEC. a xxxx@xxxxxxx.xxx.xx	Avisser S.A.				Buenos Aires, Argentina	-34.6037232	-58.3815931	2012-10-29	http://www.computrabajo.com.ar/bt-ofrd-mluchia-157256.htm	2012-11-06
2012-8-8	Concepcion del Uruguay	Entre Ríos	Tec Informatica Concepcion del Uruguay E.R.		A Convenir	15/05/2011	3 años	Medio Tiempo, Por Horas	Enviar curriculum por email detallar Oferta	Aisa Asesores Informaticos	Sabina Bestani	--------------	--------------	Concepci�n del Uruguay, Entre R�os, Argentina	-32.4845349	-58.2321416	2012-10-29	http://www.computrabajo.com.ar/bt-ofrd-aisa2010-57184.htm	2012-11-06
2012-8-8	I. Casanova	Buenos Aires	(1) Tecnico Mecanico		A convenir	Inmediato	Indeterminada	Tiempo Completo	Enviar curriculum por correo electronico	Service La Fragata	Pablo			Casanova, Bah�a Blanca, Buenos Aires, Argentina	-38.7084579	-62.2663383	2012-10-29	http://www.computrabajo.com.ar/bt-ofrd-pablo4891-28592.htm	2012-11-06
2012-8-8	Capital Federal	Capital Federal	Analista de Tesorería		a convenir	inmediato	indeterminada	Tiempo Completo	enviar CV con ref TE y remuneración pretendida a xxxx@xxx-xxxxxxx.xxx.xx	Central de Restaurantes Aramark				Buenos Aires, Argentina	-34.6037232	-58.3815931	2012-10-29	http://www.computrabajo.com.ar/bt-ofrd-seleccion2008-743392.htm	2012-11-06
2012-8-8	Capital Federal	Capital Federal	Administrativo/a de RRHH (Pto. Madero)		-	Inmediato	Efectivo	Tiempo Completo	xxxxxxxxxxxxxxxxx@xxxxxx.xxx	Adecco Argentina SA	Dpto. de RRHH			Buenos Aires, Argentina	-34.6037232	-58.3815931	2012-10-29	http://www.computrabajo.com.ar/bt-ofrd-adeccoargentina-850612.htm	2012-11-06
2012-8-8	Córdoba	Córdoba	Soldadores MIG para ZONA SUR		Convenio UOM	Inmediato	Indeterminada	Tiempo Completo	Por mail indicando en asunto: SOLDADOR, o presentandose en 9 de julio 573 1° piso.	Link S.R.L.	Jennie Ludueña			C�rdoba, Argentina	-31.3989296	-64.1821289	2012-10-29	http://www.computrabajo.com.ar/bt-ofrd-nuevaseleccion-235884.htm	2012-11-06
2012-8-8	Munro	Buenos Aires	Camarera para salon de fiestas infantiles		a convenir	inmediato	1 mes a prueba	Tiempo Completo, Por Horas, Temporal	enviar curriculum vitae	Chincho Poroto	Belen A.			Munro, Buenos Aires, Argentina	-34.5304233	-58.5243501	2012-10-29	http://www.computrabajo.com.ar/bt-ofrd-salonchinchoporoto-7148.htm	2012-11-06
2012-8-8	Hurlingham	Buenos Aires	Operarios Turno Noche		A convenir	Inmediato	Indeterminado	Tiempo Completo	Enviar CV a xxxxxxx###@xxxxx.xxx, indicando REF: OPN	His S.A	Sebastián Alonso			Hurlingham, Buenos Aires, Argentina	-34.59869	-58.6340294	2012-10-29	http://www.computrabajo.com.ar/bt-ofrd-comodinadultos-7148.htm	2012-11-06
2012-8-8	Hurlingham	Buenos Aires	Operarias/os Producción		A convenir	Inmediato	Indeterminado	Tiempo Completo	Enviar CV a xxxxxxx###@xxxxx.xxx, REF: OP	His S.A	Sebastián Alonso			Hurlingham, Buenos Aires, Argentina	-34.59869	-58.6340294	2012-10-29	http://www.computrabajo.com.ar/bt-ofrd-comodinadultos-0.htm	2012-11-06
